mocked_policy_no,total_incurred_amount
BKK-P-blb-yl-llllla,
BKK-P-blb-yl-lllllc,
BKK-P-blb-yl-lllllk,
BKK-P-blb-yl-llllxc,
BKK-P-blb-yl-llllxn,
BKK-P-blb-yl-llllyn,
BKK-P-blb-yx-llllao,
BKK-P-blb-yx-llllay,
BKK-P-blb-yx-lllllb,
BKK-P-blb-yx-llllly,
BKK-P-blb-yx-llllxa,
BKK-P-blb-yx-llllxl,
BKK-P-blb-yx-llllya,
BKK-P-blb-yx-llllyb,
BKK-P-blb-yx-llllyk,
BKK-P-blb-yx-llllyl,
BKK-P-blb-yx-llllyx,
BKK-P-blb-yy-llllla,
BKK-P-blb-yy-llllln,
BKK-P-blb-yy-llllly,
BKK-P-blb-yy-llllxc,
BKK-P-blb-yy-llllxl,
BKK-P-blb-yy-llllxp,
BKK-P-blb-yy-llllyb,
BKK-P-blb-yy-llllyc,
BKK-P-blb-yy-llllyo,
BKK-P-bln-yl-llllln,
BKK-P-bln-yl-lllllo,
BKK-P-bln-yl-lllllp,
BKK-P-bln-yx-lllllo,
BKK-P-bln-yx-lllllx,
BKK-P-bln-yx-llllxa,
BKK-P-bln-yy-llllla,
BKK-P-bln-yy-lllllx,
BKK-P-bxc-yl-llllln,
BKK-P-bxc-yl-lllllp,
BKK-P-bxc-yl-llllxa,
BKK-P-bxc-yl-llllxb,
BKK-P-bxc-yl-llllxp,
BKK-P-bxc-yl-llllxx,
BKK-P-bxc-yl-llllyb,
BKK-P-bxc-yl-llllyc,
BKK-P-bxc-yl-llllyl,
BKK-P-bxc-yl-llllyx,
BKK-P-bxc-yx-llllab,
BKK-P-bxc-yx-llllak,
BKK-P-bxc-yx-llllan,
BKK-P-bxc-yx-llllap,
BKK-P-bxc-yx-llllbb,
BKK-P-bxc-yx-llllbc,
BKK-P-bxc-yx-llllbk,
BKK-P-bxc-yx-llllbl,
BKK-P-bxc-yx-llllbp,
BKK-P-bxc-yx-llllcb,
BKK-P-bxc-yx-llllck,
BKK-P-bxc-yx-llllcl,
BKK-P-bxc-yx-llllcn,
BKK-P-bxc-yx-llllcx,
BKK-P-bxc-yx-llllcy,
BKK-P-bxc-yx-llllkb,
BKK-P-bxc-yx-llllko,
BKK-P-bxc-yx-llllky,
BKK-P-bxc-yx-lllllb,
BKK-P-bxc-yx-llllly,
BKK-P-bxc-yx-llllna,
BKK-P-bxc-yx-llllnb,
BKK-P-bxc-yx-lllloc,
BKK-P-bxc-yx-llllok,
BKK-P-bxc-yx-llllol,
BKK-P-bxc-yx-lllloo,
BKK-P-bxc-yx-lllloy,
BKK-P-bxc-yx-llllpa,
BKK-P-bxc-yx-llllpb,
BKK-P-bxc-yx-llllpc,
BKK-P-bxc-yx-llllpp,
BKK-P-bxc-yx-llllpy,
BKK-P-bxc-yx-llllxl,
BKK-P-bxc-yx-llllya,
BKK-P-bxc-yx-llllyb,
BKK-P-bxc-yx-llllyc,
BKK-P-bxc-yx-llllyx,
BKK-P-bxc-yx-llllyy,
BKK-P-bxc-yx-lllxaa,
BKK-P-bxc-yx-lllxax,
BKK-P-bxc-yx-lllxay,
BKK-P-bxc-yx-lllxba,
BKK-P-bxc-yx-lllxbb,
BKK-P-bxc-yx-lllxbo,
BKK-P-bxc-yx-lllxbp,
BKK-P-bxc-yx-lllxco,
BKK-P-bxc-yx-lllxcx,
BKK-P-bxc-yx-lllxlb,
BKK-P-bxc-yx-lllxll,
BKK-P-bxc-yx-lllxlx,
BKK-P-bxc-yx-lllxoy,
BKK-P-bxc-yx-lllxxa,
BKK-P-bxc-yx-lllxxl,
BKK-P-bxc-yx-lllxxo,
BKK-P-bxc-yx-lllxxp,
BKK-P-bxc-yy-lllaan,
BKK-P-bxc-yy-lllaax,
BKK-P-bxc-yy-lllaay,
BKK-P-bxc-yy-lllaba,
BKK-P-bxc-yy-lllabb,
BKK-P-bxc-yy-lllabl,
BKK-P-bxc-yy-lllacc,
BKK-P-bxc-yy-lllack,
BKK-P-bxc-yy-lllacy,
BKK-P-bxc-yy-lllakk,
BKK-P-bxc-yy-lllalc,
BKK-P-bxc-yy-lllalk,
BKK-P-bxc-yy-lllall,
BKK-P-bxc-yy-lllanl,
BKK-P-bxc-yy-lllanp,
BKK-P-bxc-yy-lllaoc,
BKK-P-bxc-yy-lllaoo,
BKK-P-bxc-yy-lllapa,
BKK-P-bxc-yy-lllapk,
BKK-P-bxc-yy-lllapo,
BKK-P-bxc-yy-lllapp,
BKK-P-bxc-yy-lllaxa,
BKK-P-bxc-yy-lllaxc,
BKK-P-bxc-yy-lllaxl,
BKK-P-bxc-yy-lllaxn,
BKK-P-bxc-yy-lllaxp,
BKK-P-bxc-yy-lllayo,
BKK-P-bxc-yy-lllayp,
BKK-P-bxc-yy-lllbak,
BKK-P-bxc-yy-lllban,
BKK-P-bxc-yy-lllbay,
BKK-P-bxc-yy-lllbba,
BKK-P-bxc-yy-lllbbo,
BKK-P-bxc-yy-lllbck,
BKK-P-bxc-yy-lllbcl,
BKK-P-bxc-yy-lllbcn,
BKK-P-bxc-yy-lllbco,
BKK-P-bxc-yy-lllbcx,
BKK-P-bxc-yy-lllbcy,
BKK-P-bxc-yy-lllbka,
BKK-P-bxc-yy-lllbkl,
BKK-P-bxc-yy-lllbky,
BKK-P-bxc-yy-lllblb,
BKK-P-bxc-yy-lllblc,
BKK-P-bxc-yy-lllbll,
BKK-P-bxc-yy-lllblo,
BKK-P-bxc-yy-lllbly,
BKK-P-bxc-yy-lllbnb,
BKK-P-bxc-yy-lllbnk,
BKK-P-bxc-yy-lllbop,
BKK-P-bxc-yy-lllbox,
BKK-P-bxc-yy-lllbpk,
BKK-P-bxc-yy-lllbpo,
BKK-P-bxc-yy-lllbpy,
BKK-P-bxc-yy-lllbxk,
BKK-P-bxc-yy-lllbxl,
BKK-P-bxc-yy-lllbyk,
BKK-P-bxc-yy-lllbyl,
BKK-P-bxc-yy-lllbyn,
BKK-P-bxc-yy-lllbyo,
BKK-P-bxc-yy-lllcab,
BKK-P-bxc-yy-lllcak,
BKK-P-bxc-yy-lllcal,
BKK-P-bxc-yy-lllcan,
BKK-P-bxc-yy-lllcap,
BKK-P-bxc-yy-lllcbo,
BKK-P-bxc-yy-lllcby,
BKK-P-bxc-yy-lllccb,
BKK-P-bxc-yy-lllcck,
BKK-P-bxc-yy-lllccl,
BKK-P-bxc-yy-lllcco,
BKK-P-bxc-yy-lllccx,
BKK-P-bxc-yy-lllckb,
BKK-P-bxc-yy-lllckk,
BKK-P-bxc-yy-lllckn,
BKK-P-bxc-yy-lllcla,
BKK-P-bxc-yy-lllcln,
BKK-P-bxc-yy-lllcna,
BKK-P-bxc-yy-lllcnb,
BKK-P-bxc-yy-lllcnk,
BKK-P-bxc-yy-lllcnp,
BKK-P-bxc-yy-lllcoa,
BKK-P-bxc-yy-lllcob,
BKK-P-bxc-yy-lllcoc,
BKK-P-bxc-yy-lllcok,
BKK-P-bxc-yy-lllcol,
BKK-P-bxc-yy-lllcop,
BKK-P-bxc-yy-lllcox,
BKK-P-bxc-yy-lllcxb,
BKK-P-bxc-yy-lllcxk,
BKK-P-bxc-yy-lllcxo,
BKK-P-bxc-yy-lllcya,
BKK-P-bxc-yy-lllcyb,
BKK-P-bxc-yy-lllcyn,
BKK-P-bxc-yy-lllcyo,
BKK-P-bxc-yy-lllcyp,
BKK-P-bxc-yy-lllkaa,
BKK-P-bxc-yy-lllkab,
BKK-P-bxc-yy-lllkac,
BKK-P-bxc-yy-lllkak,
BKK-P-bxc-yy-lllkan,
BKK-P-bxc-yy-lllkbn,
BKK-P-bxc-yy-lllkbp,
BKK-P-bxc-yy-lllkbx,
BKK-P-bxc-yy-lllkco,
BKK-P-bxc-yy-lllkcp,
BKK-P-bxc-yy-lllkko,
BKK-P-bxc-yy-lllkll,
BKK-P-bxc-yy-lllkln,
BKK-P-bxc-yy-lllklp,
BKK-P-bxc-yy-lllkly,
BKK-P-bxc-yy-lllknc,
BKK-P-bxc-yy-lllknl,
BKK-P-bxc-yy-lllkoc,
BKK-P-bxc-yy-lllkok,
BKK-P-bxc-yy-lllkon,
BKK-P-bxc-yy-lllkpa,
BKK-P-bxc-yy-lllkpl,
BKK-P-bxc-yy-lllkpo,
BKK-P-bxc-yy-lllkxa,
BKK-P-bxc-yy-lllkxb,
BKK-P-bxc-yy-lllkxc,
BKK-P-bxc-yy-lllkxp,
BKK-P-bxc-yy-lllkyk,
BKK-P-bxc-yy-lllkyl,
BKK-P-bxc-yy-lllkyo,
BKK-P-bxc-yy-lllkyx,
BKK-P-bxc-yy-lllkyy,
BKK-P-bxc-yy-llllac,
BKK-P-bxc-yy-llllan,
BKK-P-bxc-yy-llllap,
BKK-P-bxc-yy-llllbn,
BKK-P-bxc-yy-llllby,
BKK-P-bxc-yy-llllcl,
BKK-P-bxc-yy-llllla,
BKK-P-bxc-yy-llllnc,
BKK-P-bxc-yy-llllnl,
BKK-P-bxc-yy-llllnx,
BKK-P-bxc-yy-lllloa,
BKK-P-bxc-yy-llllon,
BKK-P-bxc-yy-llllpa,
BKK-P-bxc-yy-llllpc,
BKK-P-bxc-yy-llllpl,
BKK-P-bxc-yy-llllxp,
BKK-P-bxc-yy-llllyp,
BKK-P-bxc-yy-llllyx,
BKK-P-bxc-yy-llllyy,
BKK-P-bxc-yy-lllnaa,
BKK-P-bxc-yy-lllnac,
BKK-P-bxc-yy-lllnao,
BKK-P-bxc-yy-lllnbo,
BKK-P-bxc-yy-lllnbp,
BKK-P-bxc-yy-lllnca,
BKK-P-bxc-yy-lllncb,
BKK-P-bxc-yy-lllnck,
BKK-P-bxc-yy-lllncl,
BKK-P-bxc-yy-lllncn,
BKK-P-bxc-yy-lllncp,
BKK-P-bxc-yy-lllnka,
BKK-P-bxc-yy-lllnkk,
BKK-P-bxc-yy-lllnlo,
BKK-P-bxc-yy-lllnnk,
BKK-P-bxc-yy-lllnnx,
BKK-P-bxc-yy-lllnoa,
BKK-P-bxc-yy-lllnob,
BKK-P-bxc-yy-lllnok,
BKK-P-bxc-yy-lllnol,
BKK-P-bxc-yy-lllnoo,
BKK-P-bxc-yy-lllnox,
BKK-P-bxc-yy-lllnoy,
BKK-P-bxc-yy-lllnpa,
BKK-P-bxc-yy-lllnxa,
BKK-P-bxc-yy-lllnxk,
BKK-P-bxc-yy-lllnxl,
BKK-P-bxc-yy-lllnxp,
BKK-P-bxc-yy-lllnyl,
BKK-P-bxc-yy-lllnyy,
BKK-P-bxc-yy-llloak,
BKK-P-bxc-yy-llloan,
BKK-P-bxc-yy-lllobb,
BKK-P-bxc-yy-lllobc,
BKK-P-bxc-yy-lllobk,
BKK-P-bxc-yy-lllobp,
BKK-P-bxc-yy-lllobx,
BKK-P-bxc-yy-lllocb,
BKK-P-bxc-yy-lllocc,
BKK-P-bxc-yy-lllocp,
BKK-P-bxc-yy-lllocx,
BKK-P-bxc-yy-llloka,
BKK-P-bxc-yy-lllokb,
BKK-P-bxc-yy-lllokl,
BKK-P-bxc-yy-llloko,
BKK-P-bxc-yy-llloky,
BKK-P-bxc-yy-lllola,
BKK-P-bxc-yy-lllolc,
BKK-P-bxc-yy-llloln,
BKK-P-bxc-yy-lllolx,
BKK-P-bxc-yy-lllony,
BKK-P-bxc-yy-lllopc,
BKK-P-bxc-yy-lllopl,
BKK-P-bxc-yy-lllopn,
BKK-P-bxc-yy-llloxa,
BKK-P-bxc-yy-llloxc,
BKK-P-bxc-yy-llloxp,
BKK-P-bxc-yy-llloxy,
BKK-P-bxc-yy-llloyo,
BKK-P-bxc-yy-llloyx,
BKK-P-bxc-yy-llloyy,
BKK-P-bxc-yy-lllpaa,
BKK-P-bxc-yy-lllpac,
BKK-P-bxc-yy-lllpap,
BKK-P-bxc-yy-lllpax,
BKK-P-bxc-yy-lllpay,
BKK-P-bxc-yy-lllpbk,
BKK-P-bxc-yy-lllpbx,
BKK-P-bxc-yy-lllpcb,
BKK-P-bxc-yy-lllpcc,
BKK-P-bxc-yy-lllpck,
BKK-P-bxc-yy-lllpcl,
BKK-P-bxc-yy-lllpco,
BKK-P-bxc-yy-lllpcy,
BKK-P-bxc-yy-lllpko,
BKK-P-bxc-yy-lllpla,
BKK-P-bxc-yy-lllplb,
BKK-P-bxc-yy-lllplk,
BKK-P-bxc-yy-lllplo,
BKK-P-bxc-yy-lllplp,
BKK-P-bxc-yy-lllply,
BKK-P-bxc-yy-lllpnc,
BKK-P-bxc-yy-lllpnl,
BKK-P-bxc-yy-lllpoa,
BKK-P-bxc-yy-lllpoc,
BKK-P-bxc-yy-lllppa,
BKK-P-bxc-yy-lllppb,
BKK-P-bxc-yy-lllppc,
BKK-P-bxc-yy-lllppk,
BKK-P-bxc-yy-lllpxl,
BKK-P-bxc-yy-lllpxy,
BKK-P-bxc-yy-lllpya,
BKK-P-bxc-yy-lllxac,
BKK-P-bxc-yy-lllxax,
BKK-P-bxc-yy-lllxba,
BKK-P-bxc-yy-lllxbb,
BKK-P-bxc-yy-lllxbl,
BKK-P-bxc-yy-lllxbx,
BKK-P-bxc-yy-lllxcc,
BKK-P-bxc-yy-lllxcy,
BKK-P-bxc-yy-lllxka,
BKK-P-bxc-yy-lllxkx,
BKK-P-bxc-yy-lllxlk,
BKK-P-bxc-yy-lllxly,
BKK-P-bxc-yy-lllxnk,
BKK-P-bxc-yy-lllxnn,
BKK-P-bxc-yy-lllxno,
BKK-P-bxc-yy-lllxnp,
BKK-P-bxc-yy-lllxok,
BKK-P-bxc-yy-lllxoy,
BKK-P-bxc-yy-lllxpk,
BKK-P-bxc-yy-lllxpl,
BKK-P-bxc-yy-lllxpn,
BKK-P-bxc-yy-lllxpx,
BKK-P-bxc-yy-lllxxa,
BKK-P-bxc-yy-lllxxk,
BKK-P-bxc-yy-lllxxn,
BKK-P-bxc-yy-lllxxo,
BKK-P-bxc-yy-lllxxp,
BKK-P-bxc-yy-lllxyb,
BKK-P-bxc-yy-lllxyc,
BKK-P-bxc-yy-lllxyx,
BKK-P-bxc-yy-lllyab,
BKK-P-bxc-yy-lllyac,
BKK-P-bxc-yy-lllyak,
BKK-P-bxc-yy-lllyap,
BKK-P-bxc-yy-lllybk,
BKK-P-bxc-yy-lllybn,
BKK-P-bxc-yy-lllybo,
BKK-P-bxc-yy-lllyca,
BKK-P-bxc-yy-lllyck,
BKK-P-bxc-yy-lllycl,
BKK-P-bxc-yy-lllycx,
BKK-P-bxc-yy-lllykb,
BKK-P-bxc-yy-lllykk,
BKK-P-bxc-yy-lllykn,
BKK-P-bxc-yy-lllyko,
BKK-P-bxc-yy-lllyky,
BKK-P-bxc-yy-lllyln,
BKK-P-bxc-yy-lllynl,
BKK-P-bxc-yy-lllyno,
BKK-P-bxc-yy-lllyny,
BKK-P-bxc-yy-lllyoa,
BKK-P-bxc-yy-lllypp,
BKK-P-bxc-yy-lllyxb,
BKK-P-bxc-yy-lllyxn,
BKK-P-bxc-yy-lllyxx,
BKK-P-bxc-yy-lllyyc,
BKK-P-bxc-yy-lllyyk,
BKK-P-bxc-yy-lllyyx,
BKK-P-bxc-yy-llxlla,
BKK-P-bxc-yy-llxllk,
BKK-P-bxc-yy-llxlln,
BKK-P-bxc-yy-llxllo,
BKK-P-bxc-yy-llxlly,
BKK-P-bxc-yy-llxlxo,
BKK-P-bxc-yy-llxlxx,
BKK-P-bxc-yy-llxlya,
BKK-P-bxc-yy-llxlyn,
BKK-P-bxn-yx-llllaa,
BKK-P-bxn-yx-llllay,
BKK-P-bxn-yx-llllba,
BKK-P-bxn-yx-llllbk,
BKK-P-bxn-yx-llllbn,
BKK-P-bxn-yx-llllbx,
BKK-P-bxn-yx-llllck,
BKK-P-bxn-yx-llllcl,
BKK-P-bxn-yx-llllcn,
BKK-P-bxn-yx-llllkk,
BKK-P-bxn-yx-llllkp,
BKK-P-bxn-yx-lllllc,
BKK-P-bxn-yx-lllllk,
BKK-P-bxn-yx-llllln,
BKK-P-bxn-yx-lllllp,
BKK-P-bxn-yx-llllnl,
BKK-P-bxn-yx-llllno,
BKK-P-bxn-yx-llllny,
BKK-P-bxn-yx-llllob,
BKK-P-bxn-yx-lllloc,
BKK-P-bxn-yx-lllloo,
BKK-P-bxn-yx-llllox,
BKK-P-bxn-yx-llllpk,
BKK-P-bxn-yx-llllpy,
BKK-P-bxn-yx-llllxb,
BKK-P-bxn-yx-llllxl,
BKK-P-bxn-yx-llllxn,
BKK-P-bxn-yx-llllxx,
BKK-P-bxn-yx-llllxy,
BKK-P-bxn-yx-llllyo,
BKK-P-bxn-yx-llllyx,
BKK-P-bxn-yx-llllyy,
BKK-P-bxn-yx-lllxlc,
BKK-P-bxn-yx-lllxlp,
BKK-P-bxn-yx-lllxly,
BKK-P-bxn-yx-lllxxb,
BKK-P-bxn-yx-lllxxo,
BKK-P-bxn-yx-lllxxx,
BKK-P-bxn-yx-lllxyl,
BKK-P-bxn-yx-lllxyy,
BKK-P-bxn-yy-llllla,
BKK-P-bxn-yy-llllly,
BKK-P-bxo-yx-lllllx,
BKK-P-bxo-yy-lllllc,
BKK-P-bxo-yy-llllly,
BKK-P-bxp-yx-llllla,
BKK-P-bxp-yx-lllllb,
BKK-P-bxp-yx-lllllk,
BKK-P-bxp-yx-lllllo,
BKK-P-bxp-yx-llllxl,
BKK-P-byb-yy-llllly,
BKK-P-byb-yy-llllxl,
BKK-P-byb-yy-llllxo,
BKK-P-byb-yy-llllxx,
BKK-P-byb-yy-llllyx,
BKK-P-byc-yy-llllla,
BKK-P-byc-yy-lllllc,
BKK-P-byc-yy-lllllk,
BKK-P-byc-yy-llllol,
BKK-P-byc-yy-llllxc,
BKK-P-byc-yy-llllxk,
BKK-P-byc-yy-llllxp,
BKK-P-byc-yy-llllyb,
BKK-P-byc-yy-llllyn,
